line,schedule,map,en-update,en-reason,es-update,es-reason,hy-update,hy-reason,zh-tw-update,zh-tw-reason,ko-update,ko-reason,ja-update,ja-reason,ru-update,ru-reason,vi-update,vi-reason
40,,40_117_LAXMTC.png,"Line 117 and 40 Owl will be extended to the new LAX/Metro Transit Center, offering access to the same bus lines as well as the Metro C and K Lines.",To connect to the new LAX/Metro Transit Center Station,"Las líneas 117 y 40 Owl se extenderán hasta el nuevo LAX/Metro Transit Center, ofreciendo acceso a las mismas líneas de autobús, así como a las líneas C y K de Metro.",Para conectarse a la nueva estación LAX/Metro Transit Center,"2025 թվականի հունիսի 6-ի ժամը 17:00-ից սկսած՝ Owl-ի 117-րդ և 40-րդ երթուղիները կընդլայնվեն մինչև LAX/Metro նոր տրանզիտային կենտրոնը՝ ապահովելով հասանելիություն ավտոբուսների նույն երթուղիներին, ինչպես նաև Մետրոյի C և K երթուղիներին։",LAX/Metro տրանզիտային կենտրոնի նոր կայարանին միանալու համար։,,,,,2025年6月6日午後5時より、117系統および40 Owl系統は新しい LAX/Metro Transit Center まで延伸され、同じバス路線に加え、Metro C線およびK線へのアクセスも提供されます。,新しい LAX/Metro Transit Center Station への接続のための対応です。,,,,
102,,102_LAXMTC.png,"Line 102 will be extended to the new LAX/Metro Transit Center, offering access to the same bus lines as well as the Metro C and K Lines. Adjusted Saturday and Sunday schedules. In addition, a pair of low productivity stops will be discontinued.",To connect to the new LAX/Metro Transit Center Station. For improved reliability better reflecting actual travel times and will better align with Metro's stop spacing guidelines.,"La línea 102 se extenderá hasta el nuevo LAX/Metro Transit Center, ofreciendo acceso a las mismas líneas de autobús, así como a las líneas C y K de Metro. Se ajustarán los horarios de los sábados y domingos. Además, se descontinuarán dos paradas de baja productividad.","Para conectarse a la nueva estación LAX/Metro Transit Center. Para mejorar la confiabilidad, reflejar mejor los tiempos de viaje reales y alinearse mejor con las pautas de espaciado entre paradas de Metro.","Աշխատանքային օրերի, շաբաթ և կիրակի օրերի կարգավորված ժամանակացույցներ։։ Բացի այդ, ցածր արդյունավետություն ունեցող երկու կանգառների գործունեությունը կդադարեցվի։","Ավելի մեծ հուսալիություն ապահովելու, ուղևորությունների փաստացի տևողությունն արտացոլելու նպատակով և ավելի ճշգրտորեն կհամապատասխանեն Մետրոյի կանգառների միջև հեռավորության ուղեցույցներին։",,,,,,,,,,
111,,111_LAXMTC.png,"Line 111 will be shortened to serve the new LAX/Metro Transit Center, offering access to the same bus lines as well as the Metro C and K Lines.",To connect to the new LAX/Metro Transit Center Station,"La línea 111 se acortará para dar servicio al nuevo LAX/Metro Transit Center, ofreciendo acceso a las mismas líneas de autobús, así como a las líneas C y K de Metro.",Para conectarse a la nueva estación LAX/Metro Transit Center,"2025 թվականի հունիսի 6-ի ժամը 17:00-ից սկսած՝ 111-րդ երթուղին կկրճատվի, որպեսզի սպասարկի LAX/Metro տրանզիտային կենտրոնին՝ ապահովելով հասանելիություն ավտոբուսների նույն երթուղիներին, ինչպես նաև Մետրոյի C և K երթուղիներին։",LAX/Metro տրանզիտային կենտրոնի նոր կայարանին միանալու համար։,,,,,2025年6月6日午後5時より、111系統は新しい LAX/Metro Transit Center を終点とするルートに短縮され、同じバス路線に加え、Metro C線およびK線へのアクセスも提供されます。,新しい LAX/Metro Transit Center Station への接続のための対応です。,,,,
117,,40_117_LAXMTC.png,"Line 117 and 40 Owl will be extended to the new LAX/Metro Transit Center, offering access to the same bus lines as well as the Metro C and K Lines.",To connect to the new LAX/Metro Transit Center Station,"Las líneas 117 y 40 Owl se extenderán hasta el nuevo LAX/Metro Transit Center, ofreciendo acceso a las mismas líneas de autobús, así como a las líneas C y K de Metro.",Para conectarse a la nueva estación LAX/Metro Transit Center,"2025 թվականի հունիսի 6-ի ժամը 17:00-ից սկսած՝ Owl-ի 117-րդ և 40-րդ երթուղիները կընդլայնվեն մինչև LAX/Metro նոր տրանզիտային կենտրոնը՝ ապահովելով հասանելիություն ավտոբուսների նույն երթուղիներին, ինչպես նաև Մետրոյի C և K երթուղիներին։",LAX/Metro տրանզիտային կենտրոնի նոր կայարանին միանալու համար։,,,,,2025年6月6日午後5時より、117系統および40 Owl系統は新しい LAX/Metro Transit Center まで延伸され、同じバス路線に加え、Metro C線およびK線へのアクセスも提供されます。,新しい LAX/Metro Transit Center Station への接続のための対応です。,,,,
120,,120_LAXMTC.png,"Line 120 will be extended to the new LAX/Metro Transit Center, offering access to the same bus lines as well as the Metro C and K Lines.",To connect to the new LAX/Metro Transit Center Station,"La línea 120 se extenderá hasta el nuevo LAX/Metro Transit Center, ofreciendo acceso a las mismas líneas de autobús, así como a las líneas C y K de Metro.",Para conectarse a la nueva estación LAX/Metro Transit Center,"2025 թվականի հունիսի 6-ի ժամը 17:00-ից սկսած՝ Owl-ի 120-րդ երթուղին կընդլայնվի մինչև LAX/Metro նոր տրանզիտային կենտրոնը՝ ապահովելով հասանելիություն ավտոբուսների նույն երթուղիներին, ինչպես նաև Մետրոյի C և K երթուղիներին։",LAX/Metro տրանզիտային կենտրոնի նոր կայարանին միանալու համար։,,,,,2025年6月6日午後5時より、120系統は新しい LAX/Metro Transit Center まで延伸され、同じバス路線に加え、Metro C線およびK線へのアクセスも提供されます。,新しい LAX/Metro Transit Center Station への接続のための対応です。,,,,
232,,232_LAXMTC.png,"Line 232 will be extended to the new LAX/Metro Transit Center, offering access to the same bus lines as well as the Metro C and K Lines.",To connect to the new LAX/Metro Transit Center Station,"La línea 232 se extenderá hasta el nuevo LAX/Metro Transit Center, ofreciendo acceso a las mismas líneas de autobús, así como a las líneas C y K de Metro.",Para conectarse a la nueva estación LAX/Metro Transit Center,"2025 թվականի հունիսի 6-ի ժամը 17:00-ից սկսած՝ Owl-ի 232-րդ երթուղին կընդլայնվի մինչև LAX/Metro նոր տրանզիտային կենտրոնը՝ ապահովելով հասանելիություն ավտոբուսների նույն երթուղիներին, ինչպես նաև Մետրոյի C և K երթուղիներին։",LAX/Metro տրանզիտային կենտրոնի նոր կայարանին միանալու համար։,,,,,2025年6月6日午後5時より、232系統は新しい LAX/Metro Transit Center まで延伸され、同じバス路線に加え、Metro C線およびK線へのアクセスも提供されます。,新しい LAX/Metro Transit Center Station への接続のための対応です。,,,,
857,,857_LAXMTC.png,"The C & K Line Link 857 will be discontinued at the end of service on June 6, 2025. The LAX/Metro Transit Center Station will allow riders to connect between C & K Lines.",Due to LAX/Metro Transit Center Station opening,"El C & K Line Link, línea 857, se suspenderá al final del servicio el 6 de junio de 2025. La estación LAX/Metro Transit Center permitirá a los pasajeros conectarse entre las líneas C y K.",Debido a la apertura de la estación LAX/Metro Transit Center,"""C և K երթուղիները միացնող 857-րդ երթուղին կդադարեցվի 2025 թ. հունիսի 6-ին սպասարկման ավարտից հետո։ LAX/Metro տրանզիտային կենտրոնի կայարանը թույլ կտա ուղևորներին միանալ C և K երթուղիների միջեւ։ """,LAX/Metro տրանզիտային կենտրոնի կայարանի բացման պատճառով։,,,,,C & K Line Link 857は、2025年6月6日の運行終了をもって廃止されます。LAX/Metro Transit Center Stationにより、C線とK線の乗り換えが可能となります。,LAX／メトロLAX/Metro Transit Center Station の開業に伴う対応です。・トランジット・センター駅の開業。,,,,
2,,,"Travel time adjustments will be made Weekday, Saturday, and Sunday. Adjusted Weekday, Saturday and Sunday schedules and a pair of low productivity stops will be discontinued.",For improved reliability better reflecting actual travel times and will better align with Metro's stop spacing guidelines. Savings reallocated to other improvements.,"Se ajustarán los horarios de los días laborables, sábados y domingos. Se descontinuarán los horarios ajustados de los días laborables, sábados y domingos, y se suspenderán dos paradas de baja productividad.","Para mejorar la confiabilidad, reflejará mejor los tiempos de viaje reales y se alineará mejor con las pautas de espaciado de paradas de autobús de Metro. Los ahorros se reasignarán a otras mejoras.","Ուղևորությունների տևողության կարգավորումներ կկատարվեն աշխատանքային օրերի, շաբաթ և կիրակի օրերի համար։ Աշխատանքային օրերի, շաբաթ և կիրակի օրերի կարգավորված ժամանակացույցները, ինչպես նաև ցածր արդյունավետություն ունեցող երկու կանգառների գործունեությունը կդադարեցվի։","Ավելի մեծ հուսալիություն ապահովելու, ուղևորությունների փաստացի տևողությունն արտացոլելու նպատակով, ինչպես նաև ավելի ճշգրտորեն համապատասխանելու Մետրոյի կանգառների միջև հեռավորության ուղեցույցներին։ Խնայողությունները կուղղվեն այլ բարեփոխումների։",,,,,,,,,,
4,,,"Travel time adjustments will be made Weekday, Saturday, and Sunday. Adjusted Weekday, Saturday and Sunday schedules and a pair of low productivity stops will be discontinued.",For improved reliability better reflecting actual travel times and will better align with Metro's stop spacing guidelines. Savings reallocated to other improvements.,"Se ajustarán los horarios de los días laborables, sábados y domingos. Se descontinuarán los horarios ajustados de los días laborables, sábados y domingos, y se suspenderán dos paradas de baja productividad.","Para mejorar la confiabilidad, reflejará mejor los tiempos de viaje reales y se alineará mejor con las pautas de espaciado de paradas de autobús de Metro. Los ahorros se reasignarán a otras mejoras.","Ուղևորությունների տևողության կարգավորումներ կկատարվեն աշխատանքային օրերի, շաբաթ և կիրակի օրերի համար։ Աշխատանքային օրերի, շաբաթ և կիրակի օրերի կարգավորված ժամանակացույցները, ինչպես նաև ցածր արդյունավետություն ունեցող երկու կանգառների գործունեությունը կդադարեցվի։","Ավելի մեծ հուսալիություն ապահովելու, ուղևորությունների փաստացի տևողությունն արտացոլելու նպատակով, ինչպես նաև ավելի ճշգրտորեն համապատասխանելու Մետրոյի կանգառների միջև հեռավորության ուղեցույցներին։ Խնայողությունները կուղղվեն այլ բարեփոխումների։",,,,,,,,,,
10,,,"Travel time adjustments will be made Weekday, Saturday, and Sunday. In addition, adjusted Saturday and Sunday schedules with a reduction of a small number of trips.",For improved reliability better reflecting actual travel times and ridership. Savings reallocated to other improvements.,"Se ajustarán los horarios de viaje entre semana, sábados y domingos. Además, se ajustarán los horarios de los sábados y domingos, con una pequeña reducción en el número de viajes.","Para mejorar la confiabilidad, reflejando mejor los tiempos de viaje reales y el número de pasajeros. Los ahorros se reasignan a otras mejoras.","Ուղևորությունների տևողության կարգավորումներ կկատարվեն աշխատանքային օրերի, շաբաթ և կիրակի օրերի համար։ Ի հավելումն, կլինեն շաբաթ և կիրակի օրերի կարգավորված ժամանակացույցներ, և կկրճատվեն փոքր քանակությամբ ուղերթեր։","Ավելի մեծ հուսալիություն ապահովելու, ուղևորությունների փաստացի տևողությունը և ուղևորահոսքն արտացոլելու նպատակով։ Խնայողությունները կուղղվեն այլ բարեփոխումների։",,,,,,,,,,
14,,,Travel time adjustments will be made Weekday and Saturday to better align with actual tavel times to improve reliability.,For improved reliability better reflecting actual travel times.,Se ajustarán los horarios de viaje entre semana y los sábados para alinearlos mejor con los tiempos de viaje reales y mejorar la confiabilidad.,Para mejorar la confiabilidad y reflejar mejor los tiempos de viaje reales.,"Ուղևորությունների տևողության կարգավորումներ կկատարվեն աշխատանքային օրերի և շաբաթ օրվա համար, որպեսզի ավելի լավ արտացոլվի ուղևորությունների իրական տևողությունը՝ հուսալիության աստիճանը բարձրացնելու նպատակով։","Ավելի մեծ հուսալիություն ապահովելու, ուղևորությունների փաստացի տևողությունն արտացոլելու նպատակով։",,,,,,,,,,
16,,,"Travel time adjustments will be made Weekday, Saturday, and Sunday. In addition, adjusted Saturday and Sunday schedules with a reduction of a small number of trips.",For improved reliability better reflecting actual travel times and ridership. Savings reallocated to other improvements.,"Se ajustarán los horarios de viaje entre semana, sábados y domingos. Además, se ajustarán los horarios de los sábados y domingos, con una pequeña reducción en el número de viajes.","Para mejorar la confiabilidad, reflejando mejor los tiempos de viaje reales y el número de pasajeros. Los ahorros se reasignan a otras mejoras.","Ուղևորությունների տևողության կարգավորումներ կկատարվեն աշխատանքային օրերի, շաբաթ և կիրակի օրերի համար։ Ի հավելումն, կլինեն շաբաթ և կիրակի օրերի կարգավորված ժամանակացույցներ, և կկրճատվեն փոքր քանակությամբ ուղերթեր։","Ավելի մեծ հուսալիություն ապահովելու, ուղևորությունների փաստացի տևողությունը և ուղևորահոսքն արտացոլելու նպատակով։ Խնայողությունները կուղղվեն այլ բարեփոխումների։",,,,,,,,,,
18,,,"Travel time adjustments will be made Weekday, Saturday, and Sunday to better align with actual tavel times to improve reliability. In addition, a pair of low productivity stops will be discontinued to better align with Metro's stop spacing guidelines.",For improved reliability better reflecting actual travel times and will better align with Metro's stop spacing guidelines.,"Se ajustarán los tiempos de viaje entre semana, sábados y domingos para ajustarlos mejor a los tiempos de viaje reales y mejorar la confiabilidad. Además, se descontinuarán dos paradas de baja productividad para cumplir con las directrices de espaciamiento de paradas de Metro.","Para mejorar la confiabilidad, reflejará mejor los tiempos de viaje reales y se alineará mejor con las pautas de espaciado de paradas de autobús de Metro.","Ուղևորությունների տևողության կարգավորումներ կկատարվեն աշխատանքային օրերի, շաբաթ և կիրակի օրերի համար՝ որպեսզի ավելի լավ արտացոլվի ուղևորությունների իրական տևողությունը՝ հուսալիության աստիճանը բարձրացնելու նպատակով։ Ի հավելումն, ցածր արդյունավետություն ունեցող երկու կանգառների գործունեությունը կդադարեցվի՝ ավելի ճշգրտորեն համապատասխանելու Մետրոյի կանգառների միջև հեռավորության ուղեցույցներին։","Ավելի մեծ հուսալիություն ապահովելու, ուղևորությունների փաստացի տևողությունը և ուղևորահոսքն արտացոլելու նպատակով, ինչպես նաև ավելի ճշգրտորեն համապատասխանելու Մետրոյի կանգառների միջև հեռավորության ուղեցույցներին։",,,,,,,,,,
20,,,"Travel time adjustments will be made Weekday, Saturday, and Sunday.",For improved reliability better reflecting actual travel times.,"Se realizarán ajustes en el tiempo de viaje los días laborables, sábados y domingos.",Para mejorar la confiabilidad y reflejar mejor los tiempos de viaje reales.,"Ուղևորությունների տևողության կարգավորումներ կկատարվեն աշխատանքային օրերի, շաբաթ և կիրակի օրերի համար։","Ավելի մեծ հուսալիություն ապահովելու, ուղևորությունների փաստացի տևողությունն արտացոլելու նպատակով։",,,,,,,,,,
30,,,Relocate Line 30 east terminal from Temple & Garey to Central & 1st adjacent to Little Tokyo/Arts District Station on the A & E Lines to provide bus operators access to 24-hour facilities. This requires the relocation of the first westbound stop from Alameda & 1st St to Central & 1st St.,To provide bus operators access to 24-hour facilities.,"Reubicar la terminal este de la Línea 30 de Temple y Garey a Central y 1st, junto a la estación Little Tokyo/Arts District de las líneas A y E, para que los operadores de autobuses tengan acceso a instalaciones las 24 horas. Esto requiere la reubicación de la primera parada en dirección oeste, de Alameda y 1st St a Central y 1st St.",Proporcionar a los operadores de autobús acceso a instalaciones las 24 horas.,"Արևելյան տերմինալը Temple և Garey-ից տեղափոխել Central և 1st, որը գտնվում է Little Tokyo/ Arts District կայարանի հարևանությամբ՝ A և E գծերի վրա, որպեսզի ավտոբուսների օպերատորները հասանելիություն ունենան շուրջօրյա գործող հաստատություններին։ Այս նպատակով արևմտյան ուղղությամբ առաջին կանգառը Alameda և 1st փողոցից կտեղափոխվի Central և 1st փողոց։",Որպեսզի ավտոբուսների օպերատորները հասանելիություն ունենան շուրջօրյա գործող հաստատություններին։,,,,,,,,,,
33,,,"Travel time adjustments will be made Weekday, Saturday, and Sunday.",For improved reliability better reflecting actual travel times.,"Se ajustarán los horarios de viaje entre semana, sábados y domingos.",Para una mayor confiabilidad que refleje mejor los tiempos de viaje reales.,"Ուղևորությունների տևողության կարգավորումներ կկատարվեն աշխատանքային օրերի, շաբաթ և կիրակի օրերի համար։","Ավելի մեծ հուսալիություն ապահովելու, ուղևորությունների փաստացի տևողությունն արտացոլելու նպատակով։",,,,,,,,,,
35,,,A pair of low productivity stops will be discontinued.,Will better align with Metro's stop spacing guidelines.,Se descontinuarán dos paradas de baja productividad.,Se ajustará mejor a las directrices de espaciamiento de paradas de Metro.,Ցածր արդյունավետություն ունեցող երկու կանգառների գործունեությունը կդադարեցվի։,Ավելի ճշգրտորեն համապատասխանելու Մետրոյի կանգառների միջև հեռավորության ուղեցույցներին։,,,,,,,,,,
37,,,Travel time adjustments will be made Weekday and Saturday.,For improved reliability better reflecting actual travel times.,Se ajustarán los horarios de viaje entre semana y sábados.,Para una mayor confiabilidad que refleje mejor los tiempos de viaje reales.,Ուղևորությունների տևողության կարգավորումներ կկատարվեն աշխատանքային օրերի և շաբաթ օրվա համար։,"Ավելի մեծ հուսալիություն ապահովելու, ուղևորությունների փաստացի տևողությունն արտացոլելու նպատակով։",,,,,,,,,,
40,,,Travel time adjustments will be made Weekday and Saturday.,For improved reliability better reflecting actual travel times.,Se ajustarán los horarios de viaje entre semana y sábados.,Para una mayor confiabilidad que refleje mejor los tiempos de viaje reales.,Ուղևորությունների տևողության կարգավորումներ կկատարվեն աշխատանքային օրերի և շաբաթ օրվա համար։,"Ավելի մեծ հուսալիություն ապահովելու, ուղևորությունների փաստացի տևողությունն արտացոլելու նպատակով։",,,,,,,,,,
48,,,"Travel time adjustments will be made Weekday, Saturday, and Sunday.",For improved reliability better reflecting actual travel times.,"Se ajustarán los horarios de viaje entre semana, sábados y domingos.",Para una mayor confiabilidad que refleje mejor los tiempos de viaje reales.,"Ուղևորությունների տևողության կարգավորումներ կկատարվեն աշխատանքային օրերի, շաբաթ և կիրակի օրերի համար։","Ավելի մեծ հուսալիություն ապահովելու, ուղևորությունների փաստացի տևողությունն արտացոլելու նպատակով։",,,,,,,,,,
53,,,"Travel time adjustments will be made Weekday, Saturday, and Sunday.",For improved reliability better reflecting actual travel times.,"Se ajustarán los horarios de viaje entre semana, sábados y domingos.",Para una mayor confiabilidad que refleje mejor los tiempos de viaje reales.,"Ուղևորությունների տևողության կարգավորումներ կկատարվեն աշխատանքային օրերի, շաբաթ և կիրակի օրերի համար։","Ավելի մեծ հուսալիություն ապահովելու, ուղևորությունների փաստացի տևողությունն արտացոլելու նպատակով։",,,,,,,,,,
55,,,"Travel time adjustments will be made Weekday, Saturday, and Sunday.",For improved reliability better reflecting actual travel times.,"Se ajustarán los horarios de viaje entre semana, sábados y domingos.",Para una mayor confiabilidad que refleje mejor los tiempos de viaje reales.,"Ուղևորությունների տևողության կարգավորումներ կկատարվեն աշխատանքային օրերի, շաբաթ և կիրակի օրերի համար։","Ավելի մեծ հուսալիություն ապահովելու, ուղևորությունների փաստացի տևողությունն արտացոլելու նպատակով։",,,,,,,,,,
60,,,"Travel time adjustments will be made Weekday, Saturday, and Sunday.",For improved reliability better reflecting actual travel times.,"Se ajustarán los horarios de viaje entre semana, sábados y domingos.",Para una mayor confiabilidad que refleje mejor los tiempos de viaje reales.,"Ուղևորությունների տևողության կարգավորումներ կկատարվեն աշխատանքային օրերի, շաբաթ և կիրակի օրերի համար։","Ավելի մեծ հուսալիություն ապահովելու, ուղևորությունների փաստացի տևողությունն արտացոլելու նպատակով։",,,,,,,,,,
62,,,"Adjusted Weekday, Saturday and Sunday schedules. Line 62 will be rerouted off Olympic Bl between Calada St and Boyle Av. The new southbound routing will operate via Boyle Av, left on 8th St, left on Olympic and return to the existing route, with northbound operating the same streets in reverse. Line 62 will serve all ther former Line 66 stops with the exception of one stop cancelled and another relocated to better align with operational needs. This supports the reroute of Line 66 to travel directly on Olympic Bl, omitting service on 8th St.",For improved reliability better reflecting actual travel times. To improve on-time performance and reduce passenger travel times.,"Horarios ajustados para días laborables, sábados y domingos. La línea 62 se desviará desde Olympic Blvd. entre Calada St. y Boyle Av. La nueva ruta en dirección sur operará por Boyle Av., girará a la izquierda en 8th St., girará a la izquierda en Olympic y volverá a la ruta actual. En dirección norte, operará por las mismas calles en sentido inverso. La línea 62 prestará servicio a todas las paradas anteriores de la línea 66, con la excepción de una parada cancelada y otra reubicada para ajustarse mejor a las necesidades operativas. Esto facilita el redireccionamiento de la línea 66 para que circule directamente por Olympic Blvd., omitiendo el servicio en 8th St.","Para mejorar la confiabilidad, reflejar mejor los tiempos de viaje reales. Para mejorar la puntualidad y reducir los tiempos de viaje de los pasajeros.","Աշխատանքային օրերի, շաբաթ և կիրակի օրերի կարգավորված ժամանակացույցներ։ 62-րդ երթուղին Olympic Bl-ից կվերաուղղվի դեպի Calada St և Boyle Av.։ Հարավային ուղղությամբ նոր երթուղին կանցնի Boyle Av-ով, դեպի ձախ՝ 8th St-ով, դեպի ձախ՝ Olympic-ով և կվերադառնա գործող երթուղի։ Հյուսիսային ուղղությամբ երթուղին կանցնի նույն փողոցներով՝ հակառակ ուղղությամբ։ 62-րդ երթուղի կսպասարկի 66-րդ երթուղու նախկին բոլոր կանգառները, բացառությամբ մեկ կանգառի, որը չեղարկվել է, իսկ մյուսը տեղափոխվել է՝ շահագործման կարիքներին ավելի լավ համապատասխանեցնելու համար։ Սրա շնորհիվ հնարավոր կլինի 66-րդ գծի երթուղու ուղղությունը փոխել այնպես, որ այն անցի ուղիղ Opympic Bl-ով՝ չսպասարկելով 8th St-ը։","Ավելի մեծ հուսալիություն ապահովելու, ուղևորությունների փաստացի տևողությունն արտացոլելու նպատակով: Ճշտապահությունը բարելավելու և ուղևորությունների տևողությունը կրճատելու համար։",,,,,,,,,,
66,,,Line 66 operating on a segment of 8th St between Calada St and Soto St will be rerouted to operate on Olympic Bl only with no deviation to 8th St and will serve all former Line 62 stops.,"To avoid delay and reduce passenger travel times, as a part of Metro’s NextGen Bus Plan. This change has an associated change to Line 62, which will be altered to serve 8th St.","La línea 66, que opera en un segmento de 8th St. entre Calada St. y Soto St., se desviará para operar únicamente en Olympic Blvd., sin desviarse a 8th St., y prestará servicio a todas las paradas anteriores de la línea 62.","Para evitar retrasos y reducir los tiempos de viaje de los pasajeros, como parte del Plan de Autobuses NextGen de Metro. Este cambio tiene un cambio asociado en la Línea 62, que se modificará para dar servicio a 8th St.",8th St-ի և Calada St-ի միջև ընկած հատվածում գործող 66-րդ երթուղին կփոխի ուղղությունը և կանցնի ուղիղ Olympic Bl-ով՝ առանց շեղվելու դեպի 8th St և կսպասարկի 62-րդ երթուղու բոլոր նախկին կանգառները։,"Ուշացումներից խուսափելու և ուղևորության տևողությունը կրճատելու համար՝ որպես Մետրոյի NextGen Bus Plan-ի մաս։ Այս փոփոխությունը կապված է 62-րդ երթուղու փոխոխության հետ, որը սպասարկելու է 8th St-ը։",,,,,,,,,,
78,,,"Adjusted Weekday, Saturday and Sunday schedules. In addition, a pair of low productivity stops will be discontinued to better align with Metro's stop spacing guidelines.",For improved reliability better reflecting actual travel times and will better align with Metro's stop spacing guidelines.,"Se ajustarán los horarios de los días laborables, sábados y domingos. Además, se descontinuarán dos paradas de baja productividad para cumplir mejor con las directrices de Metro sobre distancia entre paradas.","Para mejorar la confiabilidad, reflejar mejor los tiempos de viaje reales y alinearse mejor con las pautas de espaciado entre paradas de Metro.","Աշխատանքային օրերի, շաբաթ և կիրակի օրերի կարգավորված ժամանակացույցներ։ Բացի այդ, ցածր արդյունավետություն ունեցող երկու կանգառների գործունեությունը կդադարեցվի՝ ավելի ճշգրտորեն համապատասխանելու Մետրոյի կանգառների միջև հեռավորության ուղեցույցներին։","Ավելի մեծ հուսալիություն ապահովելու, ուղևորությունների փաստացի տևողությունն արտացոլելու նպատակով և ավելի ճշգրտորեն կհամապատասխանեն Մետրոյի կանգառների միջև հեռավորության ուղեցույցներին։",,,,,,,,,,
92,,,"Adjusted Weekday, Saturday and Sunday schedules.",For improved reliability better reflecting actual travel times.,"Se ajustarán los horarios de los días laborables, sábados y domingos.","Para mejorar la confiabilidad, reflejar mejor los tiempos de viaje reales.","Աշխատանքային օրերի, շաբաթ և կիրակի օրերի կարգավորված ժամանակացույցներ։","Ավելի մեծ հուսալիություն ապահովելու, ուղևորությունների փաստացի տևողությունն արտացոլելու նպատակով։",,,,,,,,,,
94,,,"Adjusted Weekday, Saturday and Sunday schedules.",For improved reliability better reflecting actual travel times.,"Se ajustarán los horarios de los días laborables, sábados y domingos.","Para mejorar la confiabilidad, reflejar mejor los tiempos de viaje reales.","Աշխատանքային օրերի, շաբաթ և կիրակի օրերի կարգավորված ժամանակացույցներ։","Ավելի մեծ հուսալիություն ապահովելու, ուղևորությունների փաստացի տևողությունն արտացոլելու նպատակով։",,,,,,,,,,
102,,,,,,,,,,,,,,,,,,
105,,,"Adjusted Weekday, Saturday and Sunday schedules.",For improved reliability better reflecting actual travel times.,"Se ajustarán los horarios de los días laborables, sábados y domingos.","Para mejorar la confiabilidad, reflejar mejor los tiempos de viaje reales.","Աշխատանքային օրերի, շաբաթ և կիրակի օրերի կարգավորված ժամանակացույցներ։","Ավելի մեծ հուսալիություն ապահովելու, ուղևորությունների փաստացի տևողությունն արտացոլելու նպատակով։",,,,,,,,,,
106,,,"Adjusted Weekday, Saturday and Sunday schedules.",For improved reliability better reflecting actual travel times.,"Se ajustarán los horarios de los días laborables, sábados y domingos.","Para mejorar la confiabilidad, reflejar mejor los tiempos de viaje reales.","Աշխատանքային օրերի, շաբաթ և կիրակի օրերի կարգավորված ժամանակացույցներ։","Ավելի մեծ հուսալիություն ապահովելու, ուղևորությունների փաստացի տևողությունն արտացոլելու նպատակով։",,,,,,,,,,
108,,,Adjusted Saturday and Sunday schedules. A small reduction in trips on weekends,For improved reliability better reflecting actual travel times. Savings reallocated to other improvements.,Se ajustarán los horarios de los sábados y domingos. Se reducirán ligeramente los viajes los fines de semana.,"Para mejorar la confiabilidad, reflejar mejor los tiempos de viaje reales. Los ahorros se reasignarán a otras mejoras.","Աշխատանքային օրերի, շաբաթ և կիրակի օրերի կարգավորված ժամանակացույցներ։ Շաբաթ և կիրակի օրերին կկրճատվի մի քանի ուղերթ։","Ավելի մեծ հուսալիություն ապահովելու, ուղևորությունների փաստացի տևողությունն արտացոլելու նպատակով։",,,,,,,,,,
110,,,A pair of low productivity stops will be discontinued,This is to better align with Metro's stop spacing guidelines.,Se descontinuarán dos paradas de baja productividad.,Esto es para alinearse mejor con las pautas de espaciado entre paradas de Metro.,Ցածր արդյունավետություն ունեցող երկու կանգառների գործունեությունը կդադարեցվի։,Նպատակն է ավելի ճշգրտորեն համապատասխանել Մետրոյի կանգառների միջև հեռավորության ուղեցույցներին։,,,,,,,,,,
111,,,Adjusted Saturday and Sunday schedules.,For improved reliability better reflecting actual travel times.,Horarios ajustados de sábado y domingo.,Para mejorar la confiabilidad y reflejar mejor los tiempos de viaje reales.,Շաբաթ և կիրակի օրերի կարգավորված ժամանակացույցներ։,"Ավելի մեծ հուսալիություն ապահովելու, ուղևորությունների փաստացի տևողությունն արտացոլելու նպատակով։",,,,,,,,,,
115,,,A pair of low productivity stops will be discontinued.,This is to better align with Metro's stop spacing guidelines.,Se descontinuarán dos paradas de baja productividad.,Esto se hace para alinearse mejor con las pautas de espaciado entre paradas de Metro.,Ցածր արդյունավետություն ունեցող երկու կանգառների գործունեությունը կդադարեցվի։,Նպատակն է ավելի ճշգրտորեն համապատասխանել Մետրոյի կանգառների միջև հեռավորության ուղեցույցներին։,,,,,,,,,,
117,,,"Adjusted Saturday schedule only. In addition, a pair of low productivity stops will be discontinued.",For improved reliability better reflecting actual travel times and to better align with Metro's stop spacing guidelines.,"Solo se ajustará el horario de sábado. Además, se descontinuarán dos paradas de baja productividad.",Para mejorar la confiabilidad y reflejar mejor los tiempos de viaje reales y para alinearse mejor con las pautas de espaciado entre paradas de Metro.,"Միայն շաբաթ օրվա կարգավորված ժամանակացույց։ Բացի այդ, ցածր արդյունավետություն ունեցող երկու կանգառների գործունեությունը կդադարեցվի։","Ավելի մեծ հուսալիություն ապահովելու, ուղևորությունների փաստացի տևողությունն արտացոլելու նպատակով և ավելի ճշգրտորեն կհամապատասխանեն Մետրոյի կանգառների միջև հեռավորության ուղեցույցներին։",,,,,,,,,,
125,,,Adjusted Saturday and Sunday schedules.,For improved reliability better reflecting actual travel times.,Horarios ajustados de sábado y domingo.,Para mejorar la confiabilidad y reflejar mejor los tiempos de viaje reales.,Շաբաթ և կիրակի օրերի կարգավորված ժամանակացույցներ։,"Ավելի մեծ հուսալիություն ապահովելու, ուղևորությունների փաստացի տևողությունն արտացոլելու նպատակով։",,,,,,,,,,
127,,,A pair of low productivity stops will be discontinued.,This is to better align with Metro's stop spacing guidelines.,Se descontinuarán dos paradas de baja productividad.,Esto se hace para alinearse mejor con las pautas de espaciado entre paradas de Metro.,Ցածր արդյունավետություն ունեցող երկու կանգառների գործունեությունը կդադարեցվի։,Նպատակն է ավելի ճշգրտորեն համապատասխանել Մետրոյի կանգառների միջև հեռավորության ուղեցույցներին։,,,,,,,,,,
128,,,A pair of low productivity stops will be discontinued.,This is to better align with Metro's stop spacing guidelines.,Se descontinuarán dos paradas de baja productividad.,Esto se hace para alinearse mejor con las pautas de espaciado entre paradas de Metro.,Ցածր արդյունավետություն ունեցող երկու կանգառների գործունեությունը կդադարեցվի։,Նպատակն է ավելի ճշգրտորեն համապատասխանել Մետրոյի կանգառների միջև հեռավորության ուղեցույցներին։,,,,,,,,,,
134,,,"Travel time adjustments will be made Weekday, Saturday, and Sunday and adjusted Weekday schedule with a reduction of a small number of trips.",For improved reliability better reflecting actual travel times and ridership. Savings reallocated to other improvements.,"Se ajustarán los tiempos de viaje en días laborables, sábados y domingos, y se ajustará el horario de días laborables con una pequeña reducción de viajes.",Para mejorar la confiabilidad y reflejar mejor los tiempos de viaje y el número de pasajeros reales. Los ahorros se reasignan a otras mejoras.,"Ուղևորությունների տևողության կարգավորումներ կկատարվեն աշխատանքային օրերի, շաբաթ և կիրակի օրերի համար, և կփոխվեն աշխատանքային օրերի ժամանակացույցները՝ մի քանի ուղերթների կրճատմամբ։","Ավելի մեծ հուսալիություն ապահովելու, ուղևորությունների փաստացի տևողությունը և ուղևորահոսքըարտացոլելու նպատակով։ Խնայողությունները կուղղվեն այլ բարեփոխումների։",,,,,,,,,,
150,,,"Adjusted Weekday, Saturday and Sunday schedules.",For improved reliability better reflecting actual travel times.,"Horarios ajustados de días laborables, sábados y domingos.",Para mejorar la confiabilidad y reflejar mejor los tiempos de viaje reales.,"Աշխատանքային օրերի, շաբաթ և կիրակի օրերի կարգավորված ժամանակացույցներ։","Ավելի մեծ հուսալիություն ապահովելու, ուղևորությունների փաստացի տևողությունն արտացոլելու նպատակով։",,,,,,,,,,
152,,,Adjusted Weekday schedule only.,For improved reliability better reflecting actual travel times.,Solo se ajustará el horario de días laborables.,Para mejorar la confiabilidad y reflejar mejor los tiempos de viaje reales.,Միայն աշխատանքային օրերի կարգավորված ժամանակացույցներ։,"Ավելի մեծ հուսալիություն ապահովելու, ուղևորությունների փաստացի տևողությունն արտացոլելու նպատակով։",,,,,,,,,,
161,,,"Adjusted Weekday, Saturday and Sunday schedules.",For improved reliability better reflecting actual travel times.,"Horarios ajustados de días laborables, sábados y domingos.",Para mejorar la confiabilidad y reflejar mejor los tiempos de viaje reales.,"Աշխատանքային օրերի, շաբաթ և կիրակի օրերի կարգավորված ժամանակացույցներ։","Ավելի մեծ հուսալիություն ապահովելու, ուղևորությունների փաստացի տևողությունն արտացոլելու նպատակով։",,,,,,,,,,
165,,,"Adjusted Weekday, Saturday and Sunday schedules.",For improved reliability better reflecting actual travel times.,"Horarios ajustados de días laborables, sábados y domingos.",Para mejorar la confiabilidad y reflejar mejor los tiempos de viaje reales.,"Աշխատանքային օրերի, շաբաթ և կիրակի օրերի կարգավորված ժամանակացույցներ։","Ավելի մեծ հուսալիություն ապահովելու, ուղևորությունների փաստացի տևողությունն արտացոլելու նպատակով։",,,,,,,,,,
166,,,"Adjusted Weekday, Saturday and Sunday schedules.",For improved reliability better reflecting actual travel times.,"Horarios ajustados de días laborables, sábados y domingos.",Para mejorar la confiabilidad y reflejar mejor los tiempos de viaje reales.,"Աշխատանքային օրերի, շաբաթ և կիրակի օրերի կարգավորված ժամանակացույցներ։","Ավելի մեծ հուսալիություն ապահովելու, ուղևորությունների փաստացի տևողությունն արտացոլելու նպատակով։",,,,,,,,,,
167,,,"Adjusted Weekday, Saturday and Sunday schedules.",For improved reliability better reflecting actual travel times.,"Horarios ajustados de días laborables, sábados y domingos.",Para mejorar la confiabilidad y reflejar mejor los tiempos de viaje reales.,"Աշխատանքային օրերի, շաբաթ և կիրակի օրերի կարգավորված ժամանակացույցներ։","Ավելի մեծ հուսալիություն ապահովելու, ուղևորությունների փաստացի տևողությունն արտացոլելու նպատակով։",,,,,,,,,,
169,,,"Adjusted Weekday, Saturday and Sunday schedules.",For improved reliability better reflecting actual travel times.,"Horarios ajustados de días laborables, sábados y domingos.",Para mejorar la confiabilidad y reflejar mejor los tiempos de viaje reales.,"Աշխատանքային օրերի, շաբաթ և կիրակի օրերի կարգավորված ժամանակացույցներ։","Ավելի մեծ հուսալիություն ապահովելու, ուղևորությունների փաստացի տևողությունն արտացոլելու նպատակով։",,,,,,,,,,
206,,,"Adjusted Weekday, Saturday and Sunday schedules. Four low productivity stops will be discontinued to better align with Metro's stop spacing guidelines.",For improved reliability better reflecting actual travel times and to better align with Metro's stop spacing guidelines.,"Horarios ajustados de días laborables, sábados y domingos. Se descontinuarán cuatro paradas de baja productividad para cumplir mejor con las pautas de espaciamiento de paradas de Metro.","Para mejorar la confiabilidad, reflejar mejor los tiempos de viaje reales y alinearse mejor con las pautas de espaciamiento entre paradas de Metro.","Աշխատանքային օրերի, շաբաթ և կիրակի օրերի կարգավորված ժամանակացույցներ։ Ցածր արդյունավետություն ունեցող չորս կանգառների գործունեությունը կդադարեցվի՝ ավելի ճշգրտորեն համապատասխանելու Մետրոյի կանգառների միջև հեռավորության ուղեցույցներին։","Ավելի մեծ հուսալիություն ապահովելու, ուղևորությունների փաստացի տևողությունն արտացոլելու նպատակով և ավելի ճշգրտորեն կհամապատասխանեն Մետրոյի կանգառների միջև հեռավորության ուղեցույցներին։",,,,,,,,,,
207,,,Adjusted Saturday and Sunday schedules.,For improved reliability better reflecting actual travel times.,Horarios ajustados de sábados y domingos.,"Para mejorar la confiabilidad, reflejar mejor los tiempos de viaje reales.",Շաբաթ և կիրակի օրերի կարգավորված ժամանակացույցներ։,"Ավելի մեծ հուսալիություն ապահովելու, ուղևորությունների փաստացի տևողությունն արտացոլելու նպատակով։",,,,,,,,,,
210,,,Adjusted Weekday and Saturday schedules.,For improved reliability better reflecting actual travel times.,Horarios ajustados de días laborables y sábados.,"Para mejorar la confiabilidad, reflejar mejor los tiempos de viaje reales.",Աշխատանքային օրերի և շաբաթ օրերի կարգավորված ժամանակացույցներ։,"Ավելի մեծ հուսալիություն ապահովելու, ուղևորությունների փաստացի տևողությունն արտացոլելու նպատակով։",,,,,,,,,,
211,,,Adjusted Weekday schedule only.,For improved reliability better reflecting actual travel times.,Horario ajustado solo para días laborables.,"Para mejorar la confiabilidad, reflejar mejor los tiempos de viaje reales.",Միայն աշխատանքային օրերի կարգավորված ժամանակացույցներ։,"Ավելի մեծ հուսալիություն ապահովելու, ուղևորությունների փաստացի տևողությունն արտացոլելու նպատակով։",,,,,,,,,,
212,,,Four low productivity stops will be discontinued.,Will better align with Metro's stop spacing guidelines.,Se descontinuarán cuatro paradas de baja productividad.,Se alineará mejor con las pautas de espaciamiento entre paradas de Metro.,Ցածր արդյունավետություն ունեցող չորս կանգառների գործունեությունը կդադարեցվի։,"Ավելի մեծ հուսալիություն ապահովելու, ուղևորությունների փաստացի տևողությունն արտացոլելու նպատակով և ավելի ճշգրտորեն կհամապատասխանեն Մետրոյի կանգառների միջև հեռավորության ուղեցույցներին։",,,,,,,,,,
215,,,Adjusted Weekday schedule only.,For improved reliability better reflecting actual travel times.,Horario ajustado solo para días laborables.,"Para mejorar la confiabilidad, reflejar mejor los tiempos de viaje reales.",Միայն աշխատանքային օրերի կարգավորված ժամանակացույցներ։,"Ավելի մեծ հուսալիություն ապահովելու, ուղևորությունների փաստացի տևողությունն արտացոլելու նպատակով։",,,,,,,,,,
217,,,"Adjusted Weekday, Saturday and Sunday schedules",For improved reliability better reflecting actual travel times.,"Horarios ajustados de días laborables, sábados y domingos","Para mejorar la confiabilidad, reflejar mejor los tiempos de viaje reales.","Աշխատանքային օրերի, շաբաթ և կիրակի օրերի կարգավորված ժամանակացույցներ։","Ավելի մեծ հուսալիություն ապահովելու, ուղևորությունների փաստացի տևողությունն արտացոլելու նպատակով։",,,,,,,,,,
218,,,Adjusted Weekday schedule only.,For improved reliability better reflecting actual travel times.,Horario ajustado solo para días laborables.,"Para mejorar la confiabilidad, reflejar mejor los tiempos de viaje reales.",Միայն աշխատանքային օրերի կարգավորված ժամանակացույցներ։,"Ավելի մեծ հուսալիություն ապահովելու, ուղևորությունների փաստացի տևողությունն արտացոլելու նպատակով։",,,,,,,,,,
222,,,"Adjusted Weekday, Saturday and Sunday schedules",For improved reliability better reflecting actual travel times.,"Horarios ajustados de días laborables, sábados y domingos.","Para mejorar la confiabilidad, reflejar mejor los tiempos de viaje reales.","Աշխատանքային օրերի, շաբաթ և կիրակի օրերի կարգավորված ժամանակացույցներ։","Ավելի մեծ հուսալիություն ապահովելու, ուղևորությունների փաստացի տևողությունն արտացոլելու նպատակով։",,,,,,,,,,
224,,,"Adjusted Weekday, Saturday and Sunday schedules.",For improved reliability better reflecting actual travel times.,"Horarios ajustados de días laborables, sábados y domingos.","Para mejorar la confiabilidad, reflejar mejor los tiempos de viaje reales.","Աշխատանքային օրերի, շաբաթ և կիրակի օրերի կարգավորված ժամանակացույցներ։","Ավելի մեծ հուսալիություն ապահովելու, ուղևորությունների փաստացի տևողությունն արտացոլելու նպատակով։",,,,,,,,,,
230,,,Adjusted Weekday schedule only.,For improved reliability better reflecting actual travel times.,Horario ajustado solo para días laborables.,"Para mejorar la confiabilidad, reflejar mejor los tiempos de viaje reales.",Միայն աշխատանքային օրերի կարգավորված ժամանակացույցներ։,"Ավելի մեծ հուսալիություն ապահովելու, ուղևորությունների փաստացի տևողությունն արտացոլելու նպատակով։",,,,,,,,,,
232,,,"Travel time adjustments will be made Weekday, Saturday, and Sunday. Adjusted Saturday and Sunday schedules with a reduction of a small number of trips.",For improved reliability better reflecting actual travel times and to better match ridership. Savings reallocated to other improvements.,"Se ajustarán los tiempos de viaje en días laborables, sábados y domingos. Horarios ajustados de sábados y domingos con una pequeña reducción de viajes.","Para mejorar la confiabilidad, reflejar mejor los tiempos de viaje reales y ajustarse mejor al número de pasajeros. Los ahorros se reasignan a otras mejoras.","Ուղևորությունների տևողության կարգավորումներ կկատարվեն աշխատանքային օրերի, շաբաթ և կիրակի օրերի համար, և կփոխվեն աշխատանքային օրերի ժամանակացույցները՝ մի քանի ուղերթների կրճատմամբ։","Ավելի մեծ հուսալիություն ապահովելու, ուղևորությունների փաստացի տևողությունն արտացոլելու նպատակով և ավելի ճշգրտորեն կհամապատասխանեն ուղևորահոսքին։ Խնայողությունները կուղղվեն այլ բարեփոխումների։",,,,,,,,,,
233,,,A pair of low productivity stops will be discontinued.,This is to better align with Metro's stop spacing guidelines.,Se descontinuarán dos paradas de baja productividad.,Esto es para alinearse mejor con las pautas de espaciado de paradas de Metro.,Ցածր արդյունավետություն ունեցող երկու կանգառների գործունեությունը կդադարեցվի։,Նպատակն է ավելի ճշգրտորեն համապատասխանել Մետրոյի կանգառների միջև հեռավորության ուղեցույցներին։,,,,,,,,,,
234,,,Adjusted Weekday and Sunday schedules.,For improved reliability better reflecting actual travel times.,Horarios ajustados de días laborables y domingos.,"Para mejorar la confiabilidad, reflejar mejor los tiempos de viaje reales.",Աշխատանքային օրերի և կիրակի օրերի կարգավորված ժամանակացույցներ։,"Ավելի մեծ հուսալիություն ապահովելու, ուղևորությունների փաստացի տևողությունն արտացոլելու նպատակով։",,,,,,,,,,
236,,,"Adjusted Weekday, Saturday and Sunday schedules.",For improved reliability better reflecting actual travel times.,"Horarios ajustados de días laborables, sábados y domingos.","Para mejorar la confiabilidad, reflejar mejor los tiempos de viaje reales.","Աշխատանքային օրերի, շաբաթ և կիրակի օրերի կարգավորված ժամանակացույցներ։","Ավելի մեծ հուսալիություն ապահովելու, ուղևորությունների փաստացի տևողությունն արտացոլելու նպատակով։",,,,,,,,,,
240,,,"Adjusted Weekday, Saturday and Sunday schedules.",For improved reliability better reflecting actual travel times.,"Horarios ajustados de días laborables, sábados y domingos.","Para mejorar la confiabilidad, reflejar mejor los tiempos de viaje reales.","Աշխատանքային օրերի, շաբաթ և կիրակի օրերի կարգավորված ժամանակացույցներ։","Ավելի մեծ հուսալիություն ապահովելու, ուղևորությունների փաստացի տևողությունն արտացոլելու նպատակով։",,,,,,,,,,
242,,,Adjusted Weekday schedule only.,For improved reliability better reflecting actual travel times.,Horario ajustado solo para días laborables.,"Para mejorar la confiabilidad, reflejar mejor los tiempos de viaje reales.",Միայն աշխատանքային օրերի կարգավորված ժամանակացույցներ։,"Ավելի մեծ հուսալիություն ապահովելու, ուղևորությունների փաստացի տևողությունն արտացոլելու նպատակով։",,,,,,,,,,
243,,,Adjusted Weekday schedule only.,For improved reliability better reflecting actual travel times.,Horario ajustado solo para días laborables.,"Para mejorar la confiabilidad, reflejar mejor los tiempos de viaje reales.",Միայն աշխատանքային օրերի կարգավորված ժամանակացույցներ։,"Ավելի մեծ հուսալիություն ապահովելու, ուղևորությունների փաստացի տևողությունն արտացոլելու նպատակով։",,,,,,,,,,
244,,,"Adjusted Weekday, Saturday and Sunday schedules.",For improved reliability better reflecting actual travel times.,"Horarios ajustados de días laborables, sábados y domingos.","Para mejorar la confiabilidad, reflejar mejor los tiempos de viaje reales.","Աշխատանքային օրերի, շաբաթ և կիրակի օրերի կարգավորված ժամանակացույցներ։","Ավելի մեծ հուսալիություն ապահովելու, ուղևորությունների փաստացի տևողությունն արտացոլելու նպատակով։",,,,,,,,,,
246,,,Adjusted Weekday schedule only.,For improved reliability better reflecting actual travel times.,Horario ajustado solo para días laborables.,"Para mejorar la confiabilidad, reflejar mejor los tiempos de viaje reales.",Միայն աշխատանքային օրերի կարգավորված ժամանակացույցներ։,"Ավելի մեծ հուսալիություն ապահովելու, ուղևորությունների փաստացի տևողությունն արտացոլելու նպատակով։",,,,,,,,,,
258,,,Modify first weekday northbound trip to begin at Paramount & Alondra instead of Telegraph Atlantic.,For customer convenience.,Se modifica el primer recorrido entre semana en dirección norte para que comience en Paramount y Alondra en lugar de Telegraph Atlantic.,Para comodidad del cliente.,Շաբաթվա առաջին օրը հյուսիսային ուղղությամբ ուղևորությունը սկսել Paramount և Alondra-ից՝ Telegraph Atlantic-ի փոխարեն։,Հաճախորդների հարմարավետության համար։,,,,,,,,,,
260,,,"Reroute northbound departing the Willowbrook/Rosa Parks Station via southbound Willowbrook Av, left on 119th St, left on Mona Bl, right on Imperial Hwy and regular route.",This resolves operational issues avoiding delays from the rail crossing improving safe operations.,"Se desvía la ruta hacia el norte desde la estación Willowbrook/Rosa Parks por Willowbrook Av. en dirección sur, gira a la izquierda en 119th St, a la izquierda en Mona Bl., a la derecha en Imperial Hwy y continúa la ruta habitual.","Esto resuelve problemas operativos, evitando retrasos en el cruce ferroviario y mejorando la seguridad de las operaciones.","""Հյուսիսային ուղղությամբ Willowbrook/ Rosa Parks Կայարանից մեկնարկող երթուղին հարավային ուղղությամբ վերաուղղել Willowbrook Av-ով, դեպի ձախ՝ 119th St-ով, դեպի ձախ՝ Mona Bl-ով, ուղիղ Imperial Hwy-ով, ապա՝ կանոնավոր երթուղով։""",Սա կլուծի առկա երթուղիների հետ կապված շահագործման խնդիրները և կօգնի խուսափել ուշացումներից՝ կապված երկաթուղով անցնելու հետ։,,,,,,,,,,
265,,,"Adjusted Weekday, Saturday and Sunday schedules.",For improved reliability better reflecting actual travel times.,"Horarios ajustados de días laborables, sábados y domingos.",Para una mayor confiabilidad que refleje mejor los tiempos de viaje reales.,"Աշխատանքային օրերի, շաբաթ և կիրակի օրերի կարգավորված ժամանակացույցներ։","Ավելի մեծ հուսալիություն ապահովելու, ուղևորությունների փաստացի տևողությունն արտացոլելու նպատակով։",,,,,,,,,,
266,,,"Adjusted Weekday, Saturday and Sunday schedules.",For improved reliability better reflecting actual travel times.,"Horarios ajustados de días laborables, sábados y domingos.",Para una mayor confiabilidad que refleje mejor los tiempos de viaje reales.,"Աշխատանքային օրերի, շաբաթ և կիրակի օրերի կարգավորված ժամանակացույցներ։","Ավելի մեծ հուսալիություն ապահովելու, ուղևորությունների փաստացի տևողությունն արտացոլելու նպատակով։",,,,,,,,,,
267,,,"Adjusted Weekday, Saturday and Sunday schedules.",For improved reliability better reflecting actual travel times.,"Horarios ajustados de días laborables, sábados y domingos.",Para una mayor confiabilidad que refleje mejor los tiempos de viaje reales.,"Աշխատանքային օրերի, շաբաթ և կիրակի օրերի կարգավորված ժամանակացույցներ։","Ավելի մեծ հուսալիություն ապահովելու, ուղևորությունների փաստացի տևողությունն արտացոլելու նպատակով։",,,,,,,,,,
296,,,"Line 296 will be rerouted from Figueroa St to operate via Avenue 26, San Fernando Rd, enter roundabout and Riverside Dr, adding convenient stop locations on Avenue 26 at Figueroa St to connecting Lines 81, 90, 94 and 251 on Figueroa St and other nearby destinations.",To add more convenient stop locations.,"La línea 296 será desviada desde Figueroa St para operar a través de Avenue 26, San Fernando Rd, entrada a la rotonda y Riverside Dr, agregando ubicaciones de parada convenientes en Avenue 26 en Figueroa St para conectar las líneas 81, 90, 94 y 251 en Figueroa St y otros destinos cercanos.",Para agregar ubicaciones de paradas más convenientes.,"296-րդ երթուղին Figueroa St-ի փոխարեն կանցնի Avenue 26-ով, San Fernando Rd-ով, շրջանաձև խաչմերուկով և Riverside Dr-ով։ Հարմար կանգառներ կավելանան Avenue 26-ում՝ Figueroa St-ում՝ կապելու համար 81-րդ, 90-րդ, 94-րդ և 251-րդ երթուղիները Figueroa St-ում և այլ մոտակա ուղղություններով։",Կանգառների ավելի հարմար վայրեր ավելացնելու նպատակով։,,,,,,,,,,
460,,,"Adjusted Weekday, Saturday and Sunday schedules.",For improved reliability better reflecting actual travel times.,"Horarios ajustados de días laborables, sábados y domingos.",Para una mayor confiabilidad que refleje mejor los tiempos de viaje reales.,"Աշխատանքային օրերի, շաբաթ և կիրակի օրերի կարգավորված ժամանակացույցներ։","Ավելի մեծ հուսալիություն ապահովելու, ուղևորությունների փաստացի տևողությունն արտացոլելու նպատակով։",,,,,,,,,,
487,,,"Adjusted Weekday, Saturday and Sunday schedules.",For improved reliability better reflecting actual travel times.,"Horarios ajustados de días laborables, sábados y domingos.",Para una mayor confiabilidad que refleje mejor los tiempos de viaje reales.,"Աշխատանքային օրերի, շաբաթ և կիրակի օրերի կարգավորված ժամանակացույցներ։","Ավելի մեծ հուսալիություն ապահովելու, ուղևորությունների փաստացի տևողությունն արտացոլելու նպատակով։",,,,,,,,,,
489,,,"Adjusted Weekday, Saturday and Sunday schedules.",For improved reliability better reflecting actual travel times.,"Horarios ajustados de días laborables, sábados y domingos.",Para una mayor confiabilidad que refleje mejor los tiempos de viaje reales.,"Աշխատանքային օրերի, շաբաթ և կիրակի օրերի կարգավորված ժամանակացույցներ։","Ավելի մեծ հուսալիություն ապահովելու, ուղևորությունների փաստացի տևողությունն արտացոլելու նպատակով։",,,,,,,,,,
577,,,The current south terminus at Long Beach for Line 577 on 7th St just east of Channel St will be relocated approximately 250 feet further east along 7th St.,Due to operational problems with the current location.,"La terminal sur actual en Long Beach para la Línea 577 en 7th St, justo al este de Channel St, se reubicará aproximadamente 250 pies más al este a lo largo de 7th St.",Debido a problemas operativos con la ubicación actual.,"577-րդ երթուղու համար Լոնգ Բիչի ներկայիս հարավային վերջնակետը, որը գտնվում է Channel St-ից մի փոքր դեպի արևելք՝ 7th St-ում, 7th St-ի երկայնքով կտեղափոխվի մոտ 250 ֆութ դեպի արևելք։",Ներկայիս տեղակայման վայրում շահագործման խնդիրներով պայմանավորված։,,,,,,,,,,
602,,,"Adjusted Weekday, Saturday and Sunday schedules. Line 602 will not operate west of Sunset and Allenford (Paul Revere Middle School). This route truncation will be made semi-permanent pending progress of recovery efforts.",For improved reliability better reflecting actual travel times. Due to Pacific Palisades fire recovery efforts and pending recovery efforts.,"Horarios ajustados entre semana, sábados y domingos. La línea 602 no operará al oeste de Sunset y Allenford (Escuela Intermedia Paul Revere). Este recorte de ruta será semipermanente a la espera del progreso de las labores de recuperación.",Para una mayor confiabilidad que refleje mejor los tiempos de viaje reales. Debido a los esfuerzos de recuperación del incendio de Pacific Palisades y los esfuerzos de recuperación pendientes.,"Աշխատանքային օրերի, շաբաթ և կիրակի օրերի կարգավորված ժամանակացույցներ։ 602-րդ երթուղին չի գործի Sunset-ից և Allenford-ից (Paul Revere միջնակարգ դպրոց) դեպի արևմուտք ուղղությամբ։ Երթուղու այս կրճատումը կկրի կիսամշտական բնույթ՝ կախված վերականգնման աշխատանքների առաջընթացից։","Ավելի մեծ հուսալիություն ապահովելու, ուղևորությունների փաստացի տևողությունն արտացոլելու նպատակով։ Պայմանավորված է Փասիֆիք Փալիսեյդսի հրդեհների հետևանքների վերացման աշխատանքներով։",,,,,,,,,,
603,,,Line 603 will be renumbered to Line 93.,Aligns with Metro’s standard route numbering system. Route path and service schedules will remain the same.,La línea 603 pasará a ser la línea 93.,Se alinea con el sistema de numeración de rutas estándar de Metro. La ruta y los horarios de servicio se mantendrán sin cambios.,603-րդ երթուղին կվերափոխվի 93-րդ երթուղու։,Որպեսզի համապատասխանի Մետրոյի երթուղիների ստանդարտ համարակալման համակարգին։ Երթուղու ճանապարհը և ծառայության ժամանակացույցը կմնա անփոփոխ։,,,,,,,,,,
605,,,"Adjusted Weekday schedule only. Reroute southbound route via 4th St, left on Fresno, right on 1st St, right on Lorena and regular route. No change to the northbound route.",For improved reliability better reflecting actual travel times. This resolves operational issues with two turning movements.,"Horario ajustado solo entre semana. Desvío de la ruta sur por 4th St, izquierda en Fresno, derecha en 1st St, derecha en Lorena y ruta regular. Sin cambios en la ruta norte.",Para una mayor confiabilidad que refleje mejor los tiempos de viaje reales. Esto resuelve problemas operativos con dos movimientos de giro.,"Միայն աշխատանքային օրերի կարգավորված ժամանակացույցներ։ Հարավային ուղղությամբ երթուղին փոխել այնպես, որ այն անցնի 4th St, դեպի ձախ՝ Ֆրեզնոյով, դեպի աջ՝ 1st St-ով, ուղիղ Lorena-ով, ապա կանոնավոր երթուղով։ Հյուսիսային ուղղությամբ երթուղին կմնա անփոփոխ։","Ավելի մեծ հուսալիություն ապահովելու, ուղևորությունների փաստացի տևողությունն արտացոլելու նպատակով։ Սա կլուծի երկու շրջադարձերի հետ կապված շահագործման խնդիրները։",,,,,,,,,,
611,,,"Adjusted Weekday, Saturday and Sunday schedules.",For improved reliability better reflecting actual travel times.,"Horarios ajustados de días laborables, sábados y domingos.",Para una mayor confiabilidad que refleje mejor los tiempos de viaje reales.,"Աշխատանքային օրերի, շաբաթ և կիրակի օրերի կարգավորված ժամանակացույցներ։","Ավելի մեծ հուսալիություն ապահովելու, ուղևորությունների փաստացի տևողությունն արտացոլելու նպատակով։",,,,,,,,,,
660,,,"Adjusted Weekday, Saturday and Sunday schedules.The existing Line 660 detour route will be made semi-permanent until further notice. No service north of Woodbury Rd until recovery efforts are complete.",For improved reliability better reflecting actual travel times and due to Eaton fire recovery efforts.,"Horarios ajustados para días laborables, sábados y domingos. La ruta de desvío actual de la Línea 660 se convertirá en semipermanente hasta nuevo aviso. No habrá servicio al norte de Woodbury Rd hasta que finalicen las labores de recuperación.","Para mejorar la confiabilidad, reflejando mejor los tiempos de viaje reales y debido a los esfuerzos de recuperación del incendio de Eaton.","Աշխատանքային օրերի, շաբաթ և կիրակի օրերի կարգավորված ժամանակացույցներ։660-րդ գործող շրջանցիկ երթուղին կդառնա կիսամշտական, քանի դեռ այլ ծանուցում չի եղել։ Woodbury Rd-ից դեպի հյուսիս ուղղությունը չի սպասարկվի մինչև վերականգնման աշխատանքների ավարտը։","Ավելի մեծ հուսալիություն ապահովելու, ուղևորությունների փաստացի տևողությունն արտացոլելու նպատակով, ինչպես նաև Իթոնի հրդեհից վերականգնման աշխատանքների պատճառով։",,,,,,,,,,
662,,,"Adjusted Weekday, Saturday and Sunday schedules. Due to Eaton fire recovery efforts, the existing Line 662 detour route will be made semi-permanent until further notice. No service north of Woodbury Rd until recovery efforts are complete.",For improved reliability better reflecting actual travel times and due to Eaton fire recovery efforts.,"Horarios ajustados entre semana, sábados y domingos. Debido a las labores de recuperación del incendio de Eaton, la ruta de desvío actual de la Línea 662 se mantendrá semipermanente hasta nuevo aviso. No habrá servicio al norte de Woodbury Rd hasta que finalicen las labores de recuperación.","Para mejorar la confiabilidad, reflejando mejor los tiempos de viaje reales y debido a los esfuerzos de recuperación del incendio de Eaton.","Աշխատանքային օրերի, շաբաթ և կիրակի օրերի կարգավորված ժամանակացույցներ։Իթոնի հրդեհների հետևանքների վերացման աշխատանքներով պայմանավորված՝ 662-րդ գործող շրջանցիկ երթուղին կդառնա կիսամշտական, քանի դեռ այլ ծանուցում չի եղել։ Woodbury Rd-ից դեպի հյուսիս ուղղությունը չի սպասարկվի մինչև վերականգնման աշխատանքների ավարտը։","Ավելի մեծ հուսալիություն ապահովելու, ուղևորությունների փաստացի տևողությունն արտացոլելու նպատակով, ինչպես նաև Իթոնի հրդեհից վերականգնման աշխատանքների պատճառով։",,,,,,,,,,
690,,,"Adjusted Weekday, Saturday and Sunday schedules.",For improved reliability better reflecting actual travel times.,"Horarios ajustados de días laborables, sábados y domingos.",Para una mayor confiabilidad que refleje mejor los tiempos de viaje reales.,"Աշխատանքային օրերի, շաբաթ և կիրակի օրերի կարգավորված ժամանակացույցներ։","Ավելի մեծ հուսալիություն ապահովելու, ուղևորությունների փաստացի տևողությունն արտացոլելու նպատակով։",,,,,,,,,,
720,,,"Adjusted Weekday, Saturday and Sunday schedules.",For improved reliability better reflecting actual travel times.,"Horarios ajustados de días laborables, sábados y domingos.",Para una mayor confiabilidad que refleje mejor los tiempos de viaje reales.,"Աշխատանքային օրերի, շաբաթ և կիրակի օրերի կարգավորված ժամանակացույցներ։","Ավելի մեծ հուսալիություն ապահովելու, ուղևորությունների փաստացի տևողությունն արտացոլելու նպատակով։",,,,,,,,,,
754,,,Adjusted Saturday schedule only.,For improved reliability better reflecting actual travel times.,Horario ajustado únicamente los sábados.,Para una mayor confiabilidad que refleje mejor los tiempos de viaje reales.,Միայն շաբաթ օրերի կարգավորված ժամանակացույց։,"Ավելի մեծ հուսալիություն ապահովելու, ուղևորությունների փաստացի տևողությունն արտացոլելու նպատակով։",,,,,,,,,,
761,,,Adjusted Weekday schedule only.,For improved reliability better reflecting actual travel times.,Horario ajustado únicamente de días laborables.,Para una mayor confiabilidad que refleje mejor los tiempos de viaje reales.,Միայն աշխատանքային օրերի կարգավորված ժամանակացույցներ։,"Ավելի մեծ հուսալիություն ապահովելու, ուղևորությունների փաստացի տևողությունն արտացոլելու նպատակով։",,,,,,,,,,
910,,,Adjusted Saturday and Sunday schedules.,For improved reliability better reflecting actual travel times.,Horarios de sábado y domingo ajustados.,Para una mayor confiabilidad que refleje mejor los tiempos de viaje reales.,Շաբաթ և կիրակի օրերի կարգավորված ժամանակացույցներ։,"Ավելի մեծ հուսալիություն ապահովելու, ուղևորությունների փաստացի տևողությունն արտացոլելու նպատակով։",,,,,,,,,,
950,,,Adjusted Saturday and Sunday schedules.,For improved reliability better reflecting actual travel times.,Horarios de sábado y domingo ajustados.,Para una mayor confiabilidad que refleje mejor los tiempos de viaje reales.,Շաբաթ և կիրակի օրերի կարգավորված ժամանակացույցներ։,"Ավելի մեծ հուսալիություն ապահովելու, ուղևորությունների փաստացի տևողությունն արտացոլելու նպատակով։",,,,,,,,,,